,filename,label
0,IMG_2826.HEIC,573
1,IMG_2827.HEIC,573
2,IMG_2828.HEIC,573
3,IMG_2829.HEIC,573
4,IMG_2830.HEIC,573
5,IMG_2831.HEIC,573
6,IMG_2832.HEIC,573
7,IMG_2833.HEIC,573
8,IMG_2834.HEIC,573
9,IMG_2835.HEIC,573
10,IMG_2836.HEIC,573
11,IMG_2837.HEIC,573
12,IMG_2838.HEIC,573
13,IMG_2839.HEIC,573
14,IMG_2840.HEIC,573
15,IMG_2841.HEIC,573
16,IMG_2842.HEIC,573
17,IMG_2843.HEIC,573
18,IMG_2844.HEIC,573
19,IMG_2845.HEIC,573
20,IMG_2846.HEIC,573
21,IMG_2847.HEIC,573
22,IMG_2848.HEIC,573
23,IMG_2849.HEIC,573
24,IMG_2850.HEIC,573
25,IMG_2851.HEIC,573
26,IMG_2852.HEIC,573
27,IMG_2853.HEIC,573
28,IMG_2854.HEIC,573
29,IMG_2855.HEIC,573
30,IMG_2856.HEIC,573
31,IMG_2857.HEIC,573
32,IMG_2858.HEIC,573
33,IMG_2859.HEIC,573
34,IMG_2860.HEIC,573
35,IMG_2861.HEIC,573
36,IMG_2862.HEIC,573
37,IMG_2863.HEIC,573
38,IMG_2864.HEIC,573
39,IMG_2865.HEIC,573
40,IMG_2866.HEIC,573
41,IMG_2867.HEIC,573
42,IMG_2868.HEIC,573
43,IMG_2869.HEIC,573
44,IMG_2870.HEIC,573
45,IMG_2871.HEIC,573
46,IMG_2872.HEIC,573
47,IMG_2873.HEIC,573
48,IMG_2874.HEIC,573
49,IMG_2875.HEIC,573
50,IMG_2876.HEIC,573
51,IMG_2877.HEIC,573
52,IMG_2878.HEIC,573
53,IMG_2879.HEIC,573
54,IMG_2880.HEIC,573
55,IMG_2881.HEIC,573
56,IMG_2882.HEIC,573
57,IMG_2883.HEIC,838
58,IMG_2884.HEIC,813
59,IMG_2885.HEIC,838
60,IMG_2886.HEIC,838
61,IMG_2887.HEIC,813
62,IMG_2888.HEIC,813
63,IMG_2889.HEIC,970
64,IMG_2890.HEIC,970
65,IMG_2891.HEIC,970
66,IMG_2892.HEIC,970
67,IMG_2893.HEIC,970
68,IMG_2894.HEIC,970
69,IMG_2895.HEIC,970
70,IMG_2896.HEIC,970
71,IMG_2897.HEIC,970
72,IMG_2898.HEIC,970
73,IMG_2899.HEIC,970
74,IMG_2900.HEIC,970
75,IMG_2901.HEIC,970
76,IMG_2902.HEIC,813
77,IMG_2903.HEIC,813
78,IMG_2904.HEIC,928
79,IMG_2905.HEIC,928
80,IMG_2906.HEIC,928
81,IMG_2907.HEIC,928
82,IMG_2908.HEIC,365
83,IMG_2909.HEIC,365
84,IMG_2910.HEIC,365
85,IMG_2911.HEIC,365
86,IMG_2912.HEIC,365
87,IMG_2913.HEIC,365
88,IMG_2914.HEIC,0
89,IMG_2915.HEIC,365
90,IMG_2916.HEIC,365
91,IMG_2917.HEIC,365
92,IMG_2918.HEIC,365
93,IMG_2919.HEIC,365
94,IMG_2920.HEIC,365
95,IMG_2921.HEIC,365
96,IMG_2922.HEIC,365
97,IMG_2923.HEIC,365
98,IMG_2924.HEIC,365
99,IMG_2925.HEIC,380
100,IMG_2926.HEIC,380
101,IMG_2927.HEIC,380
102,IMG_2928.HEIC,380
103,IMG_2929.HEIC,380
104,IMG_2930.HEIC,380
105,IMG_2931.HEIC,380
106,IMG_2932.HEIC,380
107,IMG_2933.HEIC,380
108,IMG_2934.HEIC,380
109,IMG_2935.HEIC,380
110,IMG_2936.HEIC,623
111,IMG_2937.HEIC,623
112,IMG_2938.HEIC,995
113,IMG_2939.HEIC,995
114,IMG_2940.HEIC,995
115,IMG_2941.HEIC,995
116,IMG_2942.HEIC,623
117,IMG_2943.HEIC,623
118,IMG_2944.HEIC,623
119,IMG_2945.HEIC,623
120,IMG_2946.HEIC,761
121,IMG_2947.HEIC,761
122,IMG_2948.HEIC,0
123,IMG_2949.HEIC,0
124,IMG_2950.HEIC,0
125,IMG_2951.HEIC,0
126,IMG_2952.HEIC,0
127,IMG_2953.HEIC,0
128,IMG_2954.HEIC,0
129,IMG_2955.HEIC,0
130,IMG_2956.HEIC,0
131,IMG_2957.HEIC,0
132,IMG_2958.HEIC,0
133,IMG_2959.HEIC,0
134,IMG_2960.HEIC,0
135,IMG_2961.HEIC,0
136,IMG_2962.HEIC,0
137,IMG_2963.HEIC,0
138,IMG_2964.HEIC,0
139,IMG_2965.HEIC,0
140,IMG_2966.HEIC,0
141,IMG_2967.HEIC,0
142,IMG_2968.HEIC,0
143,IMG_2969.HEIC,0
144,IMG_2970.HEIC,0
145,IMG_2971.HEIC,0
146,IMG_2972.HEIC,0
147,IMG_2973.HEIC,0
148,IMG_2974.HEIC,0
149,IMG_2975.HEIC,0
150,IMG_2976.HEIC,0
151,IMG_2977.HEIC,0
152,IMG_2978.HEIC,0
153,IMG_2979.HEIC,0
154,IMG_2980.HEIC,0
155,IMG_2981.HEIC,0
156,IMG_2982.HEIC,0
157,IMG_2983.HEIC,0
158,IMG_2984.HEIC,0
159,IMG_2985.HEIC,0
160,IMG_2986.HEIC,0
161,IMG_2987.HEIC,0
162,IMG_2988.HEIC,0
163,IMG_2989.HEIC,0
164,IMG_2990.HEIC,0
165,IMG_2991.HEIC,0
166,IMG_2992.HEIC,0
167,IMG_2993.HEIC,0
168,IMG_2994.HEIC,0
169,IMG_2995.HEIC,0
170,IMG_2996.HEIC,0
171,IMG_2997.HEIC,0
172,IMG_2998.HEIC,0
173,IMG_2999.HEIC,0
174,IMG_3000.HEIC,0
175,IMG_3001.HEIC,623
176,IMG_3002.HEIC,821
177,IMG_3003.HEIC,623
178,IMG_3004.HEIC,623
179,IMG_3005.HEIC,821
180,IMG_3006.HEIC,365
181,IMG_3007.HEIC,0
182,IMG_3008.HEIC,365
183,IMG_3009.HEIC,970
184,IMG_3010.HEIC,0
185,IMG_3011.HEIC,573
186,IMG_3012.HEIC,821
187,IMG_3013.HEIC,744
188,IMG_3014.HEIC,365
189,IMG_3015.HEIC,970
190,IMG_3016.HEIC,970
191,IMG_3017.HEIC,0
192,IMG_3018.HEIC,0
193,IMG_3019.HEIC,365
194,IMG_3020.HEIC,970
195,IMG_3021.HEIC,970
196,IMG_3022.HEIC,623
197,IMG_3023.HEIC,928
198,IMG_3024.HEIC,928
199,IMG_3025.HEIC,813
200,IMG_3026.HEIC,813
201,IMG_3027.HEIC,813
202,IMG_3028.HEIC,365
203,IMG_3029.HEIC,365
204,IMG_3030.HEIC,653
205,IMG_3031.HEIC,623
206,IMG_3032.HEIC,623
207,IMG_3033.HEIC,380
208,IMG_3034.HEIC,813
209,IMG_3035.HEIC,573
210,IMG_3036.HEIC,573
211,IMG_3037.HEIC,573
212,IMG_3038.HEIC,380
213,IMG_3039.HEIC,0
214,IMG_3040.HEIC,0
215,IMG_3041.HEIC,0
216,IMG_3042.HEIC,0
217,IMG_3043.HEIC,0
218,IMG_3044.HEIC,0
219,IMG_3045.HEIC,0
220,IMG_3046.HEIC,0
221,IMG_3047.HEIC,0
222,IMG_3048.HEIC,0
223,IMG_3049.HEIC,0
224,IMG_3050.HEIC,0
225,IMG_3051.HEIC,0
226,IMG_3052.HEIC,0
227,IMG_3053.HEIC,0
228,IMG_3054.HEIC,0
229,IMG_3055.HEIC,0
230,IMG_3056.HEIC,0
231,IMG_3057.HEIC,0
232,IMG_3058.HEIC,0
233,IMG_3059.HEIC,0
234,IMG_3060.HEIC,0
235,IMG_3061.HEIC,0
236,IMG_3062.HEIC,0
237,IMG_3063.HEIC,0
238,IMG_3064.HEIC,0
239,IMG_3065.HEIC,0
240,IMG_3066.HEIC,0
241,IMG_3067.HEIC,0
242,IMG_3068.HEIC,0
243,IMG_3069.HEIC,0
244,IMG_3070.HEIC,0
245,IMG_3071.HEIC,0
246,IMG_3072.HEIC,0
247,IMG_3073.HEIC,0
248,IMG_3074.HEIC,0
249,IMG_3075.HEIC,0
250,IMG_3076.HEIC,0
251,IMG_3077.HEIC,0
252,IMG_3078.HEIC,0
253,IMG_3079.HEIC,0
254,IMG_3080.HEIC,0
255,IMG_3081.HEIC,0
256,IMG_3082.HEIC,0
257,IMG_3083.HEIC,0
258,IMG_3084.HEIC,0
259,IMG_3085.HEIC,0
260,IMG_3086.HEIC,0
261,IMG_3087.HEIC,0
262,IMG_3088.HEIC,0
263,IMG_3089.HEIC,0
264,IMG_3090.HEIC,0
265,IMG_3091.HEIC,0
266,IMG_3092.HEIC,0
267,IMG_3093.HEIC,0
268,IMG_3094.HEIC,0
269,IMG_3095.HEIC,0
270,IMG_3096.HEIC,0
271,IMG_3097.HEIC,0
272,IMG_3098.HEIC,0
273,IMG_3099.HEIC,0
274,IMG_3100.HEIC,0
275,IMG_3101.HEIC,0
276,IMG_3102.HEIC,0
277,IMG_3103.HEIC,0
278,IMG_3104.HEIC,0
279,IMG_3105.HEIC,0
280,IMG_3106.HEIC,0
281,IMG_3107.HEIC,0
282,IMG_3108.HEIC,0
283,IMG_3109.HEIC,0
284,IMG_3110.HEIC,0
285,IMG_3111.HEIC,0
286,IMG_3112.HEIC,0
287,IMG_3113.HEIC,0
288,IMG_3114.HEIC,0
289,IMG_3115.HEIC,0
290,IMG_3116.HEIC,0
291,IMG_3117.HEIC,0
292,IMG_3118.HEIC,0
293,IMG_3119.HEIC,0
294,IMG_3120.HEIC,0
295,IMG_3121.HEIC,0
296,IMG_3122.HEIC,0
297,IMG_3123.HEIC,0
298,IMG_3124.HEIC,0
299,IMG_3125.HEIC,0
300,IMG_3126.HEIC,0
301,IMG_3127.HEIC,0
302,IMG_3128.HEIC,0
303,IMG_3129.HEIC,0
304,IMG_3130.HEIC,0
305,IMG_3131.HEIC,0
306,IMG_3132.HEIC,0
307,IMG_3133.HEIC,0
308,IMG_3134.HEIC,0
309,IMG_3135.HEIC,0
310,IMG_3136.HEIC,0
311,IMG_3137.HEIC,0
312,IMG_3138.HEIC,0
313,IMG_3139.HEIC,0
314,IMG_3140.HEIC,0
315,IMG_3141.HEIC,0
316,IMG_3142.HEIC,0
317,IMG_3143.HEIC,0
318,IMG_3144.HEIC,0
319,IMG_3145.HEIC,0
320,IMG_3146.HEIC,0
321,IMG_3147.HEIC,0
322,IMG_3148.HEIC,0
323,IMG_3149.HEIC,0
324,IMG_3150.HEIC,0
325,IMG_3151.HEIC,0
326,IMG_3152.HEIC,0
327,IMG_3153.HEIC,0
328,IMG_3154.HEIC,0
329,IMG_3155.HEIC,0
330,IMG_3156.HEIC,0
331,IMG_3157.HEIC,0
332,IMG_3158.HEIC,0
333,IMG_3159.HEIC,0
334,IMG_3160.HEIC,0
335,IMG_3161.HEIC,0
336,IMG_3162.HEIC,0
337,IMG_3163.HEIC,0
338,IMG_3164.HEIC,0
339,IMG_3165.HEIC,0
340,IMG_3166.HEIC,0
341,IMG_3167.HEIC,0
342,IMG_3168.HEIC,0
343,IMG_3169.HEIC,0
344,IMG_3170.HEIC,0
345,IMG_3171.HEIC,0
346,IMG_3172.HEIC,0
347,IMG_3173.HEIC,0
348,IMG_3174.HEIC,0
349,IMG_3175.HEIC,0
350,IMG_3176.HEIC,0
351,IMG_3177.HEIC,0
352,IMG_3178.HEIC,0
353,IMG_3179.HEIC,0
354,IMG_3180.HEIC,0
355,IMG_3181.HEIC,0
356,IMG_3182.HEIC,0
357,IMG_3183.HEIC,0
358,IMG_3184.HEIC,0
359,IMG_3185.HEIC,0
360,IMG_3186.HEIC,0
361,IMG_3187.HEIC,0
362,IMG_3188.HEIC,0
363,IMG_3189.HEIC,0
364,IMG_3190.HEIC,0
365,IMG_3191.HEIC,0
366,IMG_3192.HEIC,0
367,IMG_3193.HEIC,0
368,IMG_3194.HEIC,0
369,IMG_3195.HEIC,0
370,IMG_3196.HEIC,0
371,IMG_3197.HEIC,0
372,IMG_3198.HEIC,0
373,IMG_3199.HEIC,0
374,IMG_3200.HEIC,0
375,IMG_3201.HEIC,0
376,IMG_3202.HEIC,0
377,IMG_3203.HEIC,0
378,IMG_3204.HEIC,0
379,IMG_3205.HEIC,0
380,IMG_3206.HEIC,0
381,IMG_3207.HEIC,0
382,IMG_3208.HEIC,0
383,IMG_3209.HEIC,0
384,IMG_3210.HEIC,0
385,IMG_3211.HEIC,0
386,IMG_3212.HEIC,0
387,IMG_3213.HEIC,0
388,IMG_3214.HEIC,0
389,IMG_3215.HEIC,0
390,IMG_3216.HEIC,0
391,IMG_3217.HEIC,0
392,IMG_3218.HEIC,0
393,IMG_3219.HEIC,0
394,IMG_3220.HEIC,0
395,IMG_3221.HEIC,0
396,IMG_3222.HEIC,0
397,IMG_3223.HEIC,0
398,IMG_3224.HEIC,0
399,IMG_3225.HEIC,0
400,IMG_3226.HEIC,0
401,IMG_3227.HEIC,0
402,IMG_3228.HEIC,0
403,IMG_3229.HEIC,0
404,IMG_3230.HEIC,0
405,IMG_3231.HEIC,0
406,IMG_3232.HEIC,0
407,IMG_3233.HEIC,0
408,IMG_3234.HEIC,0
409,IMG_3235.HEIC,0
410,IMG_3236.HEIC,0
411,IMG_3237.HEIC,0
412,IMG_3238.HEIC,0
413,IMG_3239.HEIC,0
414,IMG_3240.HEIC,0
415,IMG_3241.HEIC,0
416,IMG_3242.HEIC,0
417,IMG_3243.HEIC,0
418,IMG_3244.HEIC,0
419,IMG_3245.HEIC,0
420,IMG_3246.HEIC,0
421,IMG_3247.HEIC,0
422,IMG_3248.HEIC,0
423,IMG_3249.HEIC,0
424,IMG_3250.HEIC,0
425,IMG_3251.HEIC,0
426,IMG_3252.HEIC,0
427,IMG_3253.HEIC,0
428,IMG_3254.HEIC,0
429,IMG_3255.HEIC,0
430,IMG_3256.HEIC,0
431,IMG_3257.HEIC,0
432,IMG_3258.HEIC,365
433,IMG_3259.HEIC,380
434,IMG_3260.HEIC,365
435,IMG_3261.HEIC,573
436,IMG_3262.HEIC,573
437,IMG_3263.HEIC,623
438,IMG_3264.HEIC,970
439,IMG_3265.HEIC,813
440,IMG_3266.HEIC,813
441,IMG_3267.HEIC,813
442,IMG_3268.HEIC,813
443,IMG_3269.HEIC,573
444,IMG_3270.HEIC,573
445,IMG_3271.HEIC,380
446,IMG_3272.HEIC,380
447,IMG_3273.HEIC,573
448,IMG_3274.HEIC,573
449,IMG_3275.HEIC,365
450,IMG_3276.HEIC,365
451,IMG_3277.HEIC,365
452,IMG_3278.HEIC,380
453,IMG_3279.HEIC,380
454,IMG_3280.HEIC,380
455,IMG_3281.HEIC,744
456,IMG_3282.HEIC,762
457,IMG_3283.HEIC,762
458,IMG_3284.HEIC,380
459,IMG_3285.HEIC,744
460,IMG_3286.HEIC,381
461,IMG_3287.HEIC,970
462,IMG_3288.HEIC,573
463,IMG_3289.HEIC,573
464,IMG_3290.HEIC,970
465,IMG_3291.HEIC,365
466,IMG_3292.HEIC,970
467,IMG_3293.HEIC,970
468,IMG_3294.HEIC,970
469,IMG_3295.HEIC,381
470,IMG_3296.HEIC,573
471,IMG_3297.HEIC,744
472,IMG_3298.HEIC,365
473,IMG_3299.HEIC,381
474,IMG_3300.HEIC,573
475,IMG_3301.HEIC,928
476,IMG_3302.HEIC,928
477,IMG_3303.HEIC,970
478,IMG_3304.HEIC,995
479,IMG_3305.HEIC,744
480,IMG_3306.HEIC,970
481,IMG_3307.HEIC,838
482,IMG_3308.HEIC,381
483,IMG_3309.HEIC,813
484,IMG_3310.HEIC,381
485,IMG_3311.HEIC,813
486,IMG_3312.HEIC,653
487,IMG_3313.HEIC,653
488,IMG_3314.HEIC,653
489,IMG_3315.HEIC,812
490,IMG_3316.HEIC,813
491,IMG_3317.HEIC,812
492,IMG_3318.HEIC,380
493,IMG_3319.HEIC,573
494,IMG_3320.HEIC,970
495,IMG_3321.HEIC,970
496,IMG_3322.HEIC,970
497,IMG_3323.HEIC,970
498,IMG_3324.HEIC,380
499,IMG_3325.HEIC,573
500,IMG_3326.HEIC,381
501,IMG_3327.HEIC,573
502,IMG_3328.HEIC,573
503,IMG_3329.HEIC,653
504,IMG_3330.HEIC,365
505,IMG_3331.HEIC,365
506,IMG_3332.HEIC,365
